<?xml version="1.0" encoding="UTF-8"?>
<!DOCTYPE suite SYSTEM "http://testng.org/testng-1.0.dtd">
<suite name="All Test Suite">
    <test verbose="2" preserve-order="true"
          name="/Users/anshulprajapati/Desktop/EclipseWorkspace/PlayWrightJavaAutomationAssignment">
        <classes>
<!--            <class name="testScenario.ScenarioAPI">-->
<!--                <methods>-->
<!--                    <include name="createNewUser"/>-->
<!--                    <include name="validatePostResponseStatus"/>-->
<!--                    <include name="validatePostResponseBody"/>-->
<!--                </methods>-->
<!--            </class>-->
            <class name="testScenario.ScenarioUI">
<!--                <methods>-->
<!--                    <include name="launchUrl"/>-->
<!--                </methods>-->
            </class>
        </classes>
    </test>
</suite>